<?xml version="1.0" encoding="UTF-8" ?>
<extension version="2.5" type="plugin" group="vmpayment" method="upgrade">
    <name>VMPAYMENT_SIMPLIFY_COMMERCE</name>
    <creationDate>1 February 2017</creationDate>
    <author>MasterCard</author>
    <authorUrl>http://www.simplify.com</authorUrl>
    <copyright>Copyright (C) 2017.</copyright>
    <license></license>
    <version>2.0.0</version>
    <description>
        <![CDATA[
            <div>
                <h3>Simplify Commerce Virtuemart Plugin 2.0.0</h3>
                <p>To enable payments with Simplify Commerce on the Administrator screen:<p/>
                <ul>
                    <li>Select 'VirtueMart' from the 'Components' menu</li>
                    <li>From the 'Shop' sidebar menu option, select 'Payment Methods'</li>
                    <li>Click the 'New' icon</li>
                    <li>Enter a Payment name, select the 'Yes' Published radio button and choose 'Simplify Commerce' from the 'Payment Method' dropdown and then click the 'Save' icon</li>
                    <li>Click the 'Configuration' tab and then set your API Keys and click the 'Save' icon. (Your API keys can be retrieved from <a href='https://www.simplify.com/commerce/app#/account/apiKeys'>your Simplify account</a> once logged in)</li>
                </ul>
            </div>
        ]]>
    </description>
    <files>
        <filename plugin="simplifycommerce">simplifycommerce.php</filename>
        <folder>lib</folder>
        <folder>assets</folder>
    </files>
    <languages>
        <language tag="en-GB">en-GB.plg_vmpayment_simplifycommerce.ini</language>
        <language tag="en-GB">en-GB.plg_vmpayment_simplifycommerce.sys.ini</language>
    </languages>


    <vmconfig>
        <fields name="params">
            <fieldset name="payment" addfieldpath="/plugins/vmpayment/simplifycommerce/simplifycommerce/fields">
                <field type="note" label="" />
                <field type="spacer" default="VMPAYMENT_SIMPLIFY_COMMERCE_PAYMENT_TITLE" level="level1" />
                <field type="spacer" default="" level="level1" />
                <field type="spacer" default="VMPAYMENT_SIMPLIFY_COMMERCE_PARAMS" level="level1" />
                <field type="vmtitle" default="VMPAYMENT_SIMPLIFY_COMMERCE_SETTING" level="level1"/>
                <field name="simplify_commerce_payment_type" type="radio" default="0" label="VMPAYMENT_SIMPLIFY_COMMERCE_PAYMENT_TYPE" class="btn btn-group" description="VMPAYMENT_SIMPLIFY_COMMERCE_PAYMENT_TYPE_DESC">
                    <option value="0">VMPAYMENT_SIMPLIFY_COMMERCE_PAYMENT_SANDBOX</option>
                    <option value="1">VMPAYMENT_SIMPLIFY_COMMERCE_PAYMENT_LIVE</option>
                </field>

                <field type="text" name="simplify_commerce_sandbox_private_key"  size="50" label="VMPAYMENT_SIMPLIFY_COMMERCE_SANDBOX_PRIVATE_KEY"
                       default="" description="SIMPLIFY_COMMERCE_SANDBOX_PRIVATE_KEY_DESC" />
                <field type="text" name="simplify_commerce_sandbox_public_key"  size="50" label="VMPAYMENT_SIMPLIFY_COMMERCE_SANDBOX_PUBLIC_KEY"
                       default="" description="VMPAYMENT_SIMPLIFY_COMMERCE_SANDBOX_PUBLIC_KEY_DESC" />

                <field type="text" name="simplify_commerce_live_private_key"  size="50" label="VMPAYMENT_SIMPLIFY_COMMERCE_LIVE_PRIVATE_KEY"
                       default="" description="VMPAYMENT_SIMPLIFY_COMMERCE_LIVE_PRIVATE_KEY_DESC" />
                <field type="text" name="simplify_commerce_live_public_key"  size="50" label="VMPAYMENT_SIMPLIFY_COMMERCE_LIVE_PUBLIC_KEY"
                       default="" description="VMPAYMENT_SIMPLIFY_COMMERCE_LIVE_PUBLIC_KEY_DESC" />

                <field name="log" type="hidden" />
            </fieldset>
        </fields>
    </vmconfig>
</extension>
